package_name,review,date,star
com.mantz_it.rfanalyzer,Great app! The new version now works on my Bravia Android TV which is great as it's right by my rooftop aerial cable. The scan feature would be useful...any ETA on when this will be available? Also the option to import a list of bookmarks e.g. from a simple properties file would be useful.,October 12 2016,4
com.mantz_it.rfanalyzer,Great It's not fully optimised and has some issues with crashing but still a nice app  especially considering the price and it's open source.,August 23 2016,4
com.mantz_it.rfanalyzer,Works on a Nexus 6p I'm still messing around with my hackrf but it works with my Nexus 6p  Trond usb-c to usb host adapter. Thanks!,August 04 2016,5
com.mantz_it.rfanalyzer,The bandwidth seemed to be limited to maximum 2 MHz or so. I tried to increase the bandwidth but not possible. I purchased this is because one of the pictures in the advertisement showed the 2.4GHz band with around 10MHz or more bandwidth. Is it not possible to increase the bandwidth? If not  it is just the same performance as other free APPs.,July 25 2016,3
com.mantz_it.rfanalyzer,Works well with my Hackrf Hopefully new updates will arrive for extra functions,July 22 2016,5
com.mantz_it.rfanalyzer,Good job Tried a few . This has to be the most stable and best to my liking . And a whole world of settings to play with. However we are quite limited on frequency band width id like to see it lowered to 14.mhz if possible,July 19 2016,5
com.mantz_it.rfanalyzer,Working great on Nexus6,July 05 2016,5
com.mantz_it.rfanalyzer,Works with RTL and Nextbook Aries 8. Demod stops working if the scan width is changed requiring restart.,May 19 2016,5
com.mantz_it.rfanalyzer,Works with RTL SDR Works but no audio when demodulating,April 24 2016,3
com.mantz_it.rfanalyzer,Awsome App! Easy to use  works great on Notes w / Realtek dongle.,April 16 2016,5
com.mantz_it.rfanalyzer,I'll forgo the refund. But no go with Watson dongle... Nexus 9. Yet to try on Nexus 6p. So very disappointed!!! :-(,March 31 2016,1
com.mantz_it.rfanalyzer,looks like a great program  1 of its kind I don't have the necessary hardware to utilize it though.,March 30 2016,4
com.mantz_it.rfanalyzer,This thing is great. I am at the bottom of the learning curve but in the few minutes I have played with it it seems like it will be easy to learn and to use. Just what I hoped for.,February 27 2016,5
com.mantz_it.rfanalyzer,Crash when set a demodulation! :(,February 22 2016,2
com.mantz_it.rfanalyzer,Good Good,February 22 2016,5
com.mantz_it.rfanalyzer,Support for sdrplay This software works fine on rtl sdr upconverter.But doesn't support sdrplay.Hope you add this support in near future.,February 20 2016,4
com.mantz_it.rfanalyzer,Nice Tested with Rtl SDR. Working fine although I saw weird behavior around 2.4Ghz. Not sure if this is the app. What is badly missing is some kind of bookmarks/favourites feature.,February 20 2016,4
com.mantz_it.rfanalyzer,doesn't work with rtl-2832 Says it works with rtl devices but doesn't. never displays anything  even though the rtl 2832 works with other spectrum analyzers. no help files anywhere so good luck figuring out what's wrong!,February 10 2016,1
com.mantz_it.rfanalyzer,Sweet Pick your source device in settings. Default is hackrf. May need driver as well,February 01 2016,5
com.mantz_it.rfanalyzer,Great app! Works really well with Galaxy note 5,February 01 2016,5
com.mantz_it.rfanalyzer,The app looks good but does not work so far with lenovo a936 kitkat. the sdr might draw to much current. Tried a spit cable for extra power but it did not help so far.,January 31 2016,4
com.mantz_it.rfanalyzer,Works great I am using HackRF One with this apps.,January 29 2016,5
com.mantz_it.rfanalyzer,A God send! Awful interference problem with my 868MHz central heating system. 20min with this app and an rtlsdr dongle tracked the problem to an old controller with a near flat battery transmitting a continuous unmodulated carrier.,January 09 2016,5
com.mantz_it.rfanalyzer,App Great but This app is great but the only thing that's missing is its ability to store frequencies and presets like the competing app.,December 13 2015,4
com.mantz_it.rfanalyzer,awesome app  seems stable and runs well on Note 4 with RLT-SDR  can't wait to try it out on the HackRF One. Happy to support the developer!,November 24 2015,5
com.mantz_it.rfanalyzer,Simple and perfect About this software rtl sdr is very useful ... installed done. Thanks.,November 08 2015,5
com.mantz_it.rfanalyzer,Samsung note 3 neo ok,October 15 2015,5
com.mantz_it.rfanalyzer,This works great so far. Any plans for support of Q branch direct sampling for HF reception on RTL SDR? Maybe the option is there and I missed it. Great app  keep up the great work.,October 12 2015,5
com.mantz_it.rfanalyzer,Nice Work Wish it could transmit too on Hack,October 04 2015,5
com.mantz_it.rfanalyzer,Great application Work's well with my ZenFone 5,October 03 2015,5
com.mantz_it.rfanalyzer,Very nice. Great UI  works like a charm. If you have an NVIDIA shield  try spamming the connect/play button.,September 25 2015,5
com.mantz_it.rfanalyzer,Additional info Used it w/RTL-SDR (R820T) on my phone (Moto G) also and it works great there too. I already had FM on this phone and now have NWS  taxis  Aviation  Marine  etc. Hopefully scanner update soon. Love it! Have it also on my new Chuwi HI8 dual-mode tablet so you can add that to the list ,September 25 2015,5
com.mantz_it.rfanalyzer,Fun app - A little tedious though I enjoy using this app but can be a bit tedious trying to get everything set and configured just right. Once your SDR dongle has been properly configured you can then enjoy using it. Nice little app :&gt;),September 24 2015,4
com.mantz_it.rfanalyzer,"Works Great. Works great on a 2015 Medion Lifetab S10346 (MD99282). 10.1"""""""""""""""""""""""""""""""". Android 5. Watson wideband 100Khz-2Ghz model W-SDRX1 rtl dongle based receiver. Mostly Amatuer Band and Airband use. HF and VHF-UHF receive is fine if you cn feed it from any half decent antenna farm  even works ok with indoor antenna systems with a bit more interference. It is possible to power the receiver from the tablet with the supplied usb otg cable but a otg cable with power in capablity is highly recommended. Great app  works as good as any windows  linux or mac sdr apps that I own. Fine Business to the developer. Wish that I could rate your app with more than 5 stars  makes it possible for me to go portable or mobile with the sdr without having to carry a laptop everywhere.""""",September 03 2015,5
com.mantz_it.rfanalyzer,Good Works well on Oneplus One  with and without a powered otg cable,August 23 2015,5
com.mantz_it.rfanalyzer,Works great with rtl Sdr and HTC one x Thanks very much.,August 18 2015,5
com.mantz_it.rfanalyzer,Amazing A very useful app. I originally downloaded the free version from github  but decided to buy it here as the dev deserves the money.,August 10 2015,5
com.mantz_it.rfanalyzer,Works well but would like added features The main additional feature I would like is a way to be able to adjust the spec an amplitude reference so that I can calibrate it to dBm.,August 05 2015,4
com.mantz_it.rfanalyzer,Do I need to hack my phone for this application to work,August 01 2015,1
com.mantz_it.rfanalyzer,Works on Motorola Droid Mini. Very cool app. I would like to try and DF power line noise using this app coupled with the RTL-SDR dongle. nice job on the app!,July 16 2015,5
com.mantz_it.rfanalyzer,The most fun you can have with a dongle ;-) Works perfectly with my Oneplus One and a generic RTL-SDR dongle. Well worth paying a few pence for to support the author.,June 18 2015,5
com.mantz_it.rfanalyzer,Does not work Did not work with my rtl-sdr,May 23 2015,1
com.mantz_it.rfanalyzer,Works ok Please improve tuning... Add possibility to tune like PC SDR software by flipping digit up/down. Currently it's too many taps to fine-tune,May 23 2015,4
com.mantz_it.rfanalyzer,Great app! Works flawlessly on my Samsung galaxy S5.,April 27 2015,5
com.mantz_it.rfanalyzer,Works great. Thanks!,April 25 2015,5
com.mantz_it.rfanalyzer,Great app Works well,April 21 2015,5
com.mantz_it.rfanalyzer,Working great with RTL Great job! This is working great with my RTL SDR. Well worth the money! Keep up the great work dev!,April 17 2015,5
com.mantz_it.rfanalyzer,Cool App Works great on my Galaxy Note 4 and Galaxy Tab Pro with my HackRF One. I've not yet tested with my RTL-SDR..,April 17 2015,5
com.mantz_it.rfanalyzer,How do I change sample on the app rate I am using a remote server,April 08 2015,3
com.mantz_it.rfanalyzer,Works on Nexus 9 Perfectly works on Nexus 9 with RTL-SDR!,April 02 2015,5
com.mantz_it.rfanalyzer,Great App - Snags with Kitkat Worked fine on Jellybean but started throwing snags after upgrade. Will try logging and send it to the Author...,March 30 2015,4
com.mantz_it.rfanalyzer,Awesome and epic This application is awesome. This worked with my USB dongle.,March 29 2015,5
com.mantz_it.rfanalyzer,Really cool gadget for RF engineers Restarts driver when changing orientation. Please fix that. Additionally would like to have MUTE button alongside with other buttons. Another issue is: let user choose whether he/she wants kHz  MHz or GHz when entering freq. Thanks in advance!,March 28 2015,5
com.mantz_it.rfanalyzer,Very useful Works as shown,March 24 2015,5
com.mantz_it.rfanalyzer,Awesome work - thanks for open sourcing! So happy to discover this project. Thank you so much for the first GPL open source Android sdr spectrum explorer I've seen. Very exciting. It's also great that you've made it easy to put a $ in the tip jar via the app store. I'm really jazzed about RF Explorer! Keep up the great work! Other features it would be wonderful to see in future versions (these would be icing on the cake!): - DC offset correction - Audio gain control - (maybe even audio spectrum display?),March 21 2015,5
com.mantz_it.rfanalyzer,Amazing!!! Works like a charm! Nice feature to save recordings into file. Would be even better to transmit from file on HackRF! 73 SQ7MHZ,March 20 2015,5
com.mantz_it.rfanalyzer,Xperia Z Tablet Grabbed the app to play around with RTL SDR. Better signal clarity than SDR# on my laptop. Very happy so far with $15 total investment. Dongle powered up straight from the tablet. Don't have a HackRF to test.,March 11 2015,5
com.mantz_it.rfanalyzer,Awesome. Works well on Amiko A3  OnePlus One/CM11 using RTL-SDR. Bargain price!,March 10 2015,5
com.mantz_it.rfanalyzer,Great little analyzer and demodulator!,February 05 2015,5
com.mantz_it.rfanalyzer,The real deal Outstanding,January 25 2015,5
com.mantz_it.rfanalyzer,Pretty cool Reset the driver/itself when going from landscape to portrait and vice versa,January 24 2015,4
com.mantz_it.rfanalyzer,Works ok  have a bug it seems  switching modes am to fm the sound disappears  if u restart the app  sound is back  until i change modes again. I9505 on kitkat. Other than that its a usefull app.,January 23 2015,4
com.mantz_it.rfanalyzer,Amazing Love the added demos now. Using mine with hackrf. Also tested with RTL. Both work perfectly! Thanks for a great implementation.,January 20 2015,5
com.mantz_it.rfanalyzer,Excellent job This app works great. No head aches   no yelling. I followed the instructions  downloaded the driver. My rtlsdr worked not a single problem. I can't get any rtlsdr to work on my desk tops. Thank you oh great one!,January 19 2015,5
com.mantz_it.rfanalyzer,Works Great App works well with rtl-sdr usb dongle except that it has a much more restricted freq range than a competitors app with the same dongle. Possibly a user error. Ie can not tune below 24Mhz. Get out of range error. Hoping this is user error as the support and upgrade path from this dev appears to be much better than competitors app. UPDATE: After response from Dev. it appears that the app is correct the tuner in my dongle has a24MHz lower limit  The competitors app appears to tune much lower ( doesn't throw error and has signals) but it is not actually tuning lower. After purchase support for this app is superb. Can't wait for future updates. Thank You,January 19 2015,3
com.mantz_it.rfanalyzer,Excellent app Works great on my Note 8.0 and with a powered micro-usb-hub works on my Z3 compact too. Looking forward to scanning and would love to see audio recording added. Thanks :-),January 07 2015,5
com.mantz_it.rfanalyzer,Nexus 10 works well Great app  works well on my Nexus 10.,January 07 2015,5
com.mantz_it.rfanalyzer,Superb on Tesco Hudl 2 Worked first time with RTL dongle and pre-installed driver from Martin Marinov,January 01 2015,5
com.mantz_it.rfanalyzer,Definitely worth $0.99 Only $0.99! Since the developer is quickly listening to user feedback - this app is probably going to be better than SDR Touch very soon! I have two wishes - Material Design  and remove the screen orientation settings to use Android's settings. Update: one of those wishes has already come true! The logo and name of the app is missing from the top right corner  though.,December 10 2014,5
com.mantz_it.rfanalyzer,Awesome app Just what I've been looking for.,December 03 2014,5
com.mantz_it.rfanalyzer,BLU life xl works,November 23 2016,5
com.mantz_it.rfanalyzer,Not working Not working at oppo. Saying source not available for hr,November 23 2016,1
com.mantz_it.rfanalyzer,Perfect! What a brilliant app for the price. Works perfectly on my Oneplus One with RTL-SDR dongle and otg cable.,December 05 2016,5
com.mantz_it.rfanalyzer,Works Motorola g4 plus and rtlsdr,December 09 2016,4
com.mantz_it.rfanalyzer,Unable to set sampling rate on infinix X2 with MT6753 Unable to set sampling rate on the hackrf one on phone with MT6753 processor.,December 13 2016,3
com.mantz_it.rfanalyzer,Crashes with in 10 seconds I cant even use this for more then 15 seconds,December 25 2016,1
com.mantz_it.rfanalyzer,Squelch is non-existent in this app. The developer claims it exists but it is impossible to set up. No matter how I adjust the gain I always hear the RF noise in between the transmissions. This app will make me deaf. The only way to eliminate the noise is to manually move the dB slider up and down which very impractical and annoying. Every free PC SDR software has perfectly working squelch. Why this one doesn't? Could be a great app but luck of squelch makes it unusable. I would expect this to be fixed.,February 12 2017,2
com.mantz_it.rfanalyzer,Works well on Huawei Mediapad ML-802L and RTL,February 12 2017,5
com.mantz_it.rfanalyzer,For â‚¬0.79 this app is 10x less expensive than sdr touch and for that reason I gave it four stars. There are some improvements needed such as setting squelch and bandwidth could be easier  recording audio as well as the entire band  there is a high-pitched tone when using wide band fm  a way that makes it easier to fine tune and stability improvements. This app works pretty well on my device (OnePlus 2) but it does crash every now and then (when changing between portrait and landscape for example). I think this app is great for the price and does pretty much everything I need but I would like to see these improvements.,February 20 2017,4
com.mantz_it.rfanalyzer,I think it would be neat if there were to be a wifi analysis tool built in which would overlay a spectrum analysis with access points and channels.,March 14 2017,5
rs.pedjaapps.alogcatroot.app,A-Z 8apple,August 01 2016,5
rs.pedjaapps.alogcatroot.app,Logcat Its good help,July 30 2016,1
rs.pedjaapps.alogcatroot.app,Great logging app Very helpful finding issues within apps or the OS or even extra mods! Props,March 09 2016,5
rs.pedjaapps.alogcatroot.app,Great app,February 25 2016,4
rs.pedjaapps.alogcatroot.app,Crude compared to catlog,February 21 2016,3
rs.pedjaapps.alogcatroot.app,Best of logcat Not Working on MM. Please fix this. Thanks..,January 20 2016,5
rs.pedjaapps.alogcatroot.app,LOL @Video Crew  this is a LOG VIEWER and is unable to delete any settings from your phone.,December 12 2015,5
rs.pedjaapps.alogcatroot.app,Unresponsive maybe some threads are in order. Logcat is better foss,August 29 2015,2
rs.pedjaapps.alogcatroot.app,This isnt work at all!,June 25 2015,1
rs.pedjaapps.alogcatroot.app,great,April 16 2015,5
rs.pedjaapps.alogcatroot.app,Internet permission Unnecessary internet permission,October 17 2014,1
rs.pedjaapps.alogcatroot.app,Works well and looks pretty good.,October 13 2014,5
rs.pedjaapps.alogcatroot.app,You cant use Android without even debugging it You cant use Android without even debugging it  could you? Helps tracking down bugs.,December 01 2016,5
rs.pedjaapps.alogcatroot.app,Good,November 29 2016,5
rs.pedjaapps.alogcatroot.app,Nothing worked. Blank screen.,December 19 2016,1
rs.pedjaapps.alogcatroot.app,Description about Internet access is a lie. This app connects to the Internet even at its first start  doing many connections to Amazon servers. And also doesn't show any log  not even its own log  without root. Another bad XDA sponsored project.,January 17 2017,1
rs.pedjaapps.alogcatroot.app,It is very helpful,March 29 2017,5
com.iskrembilen.quasseldroid,Crippling power consumption The devs really need to work on the power consumption. This app destroys my battery. Other than that it's really hard to give up quassel when you live and breath IRC.,October 27 2016,4
com.iskrembilen.quasseldroid,Unusable in large rooms No way to filter out joins or parts.,October 23 2016,2
com.iskrembilen.quasseldroid,is there a way to hide channel list when using a tablet?,September 27 2016,3
com.iskrembilen.quasseldroid,"+1 star for finally including auto-reconnect  but -1 for the """"""""""""""""""""""""""""""""dark"""""""""""""""""""""""""""""""" theme being gray instead of black. I much MUCH prefer the """"""""""""""""""""""""""""""""old"""""""""""""""""""""""""""""""" appearance  both with the black background and the brighter fonts. Can we have the old black background and associated fonts back  perhaps in addition to the """"""""""""""""""""""""""""""""gray"""""""""""""""""""""""""""""""" theme that is incorrectly labelled as """"""""""""""""""""""""""""""""dark""""""""""""""""""""""""""""""""? It was pretty easy to read in bright ambient light  unlike the new gray theme.""""",September 24 2016,3
com.iskrembilen.quasseldroid,Material design update very nice,September 21 2016,5
com.iskrembilen.quasseldroid,Faster & nicer The new version compatible with Nougat looks awesome! It's also incredibly much faster on connection (I wish the Ubuntu client connected that quickly!). Really nice job on the update  thanks for updating it to work on Nougat too :),September 20 2016,5
com.iskrembilen.quasseldroid,Great update! Really nice UI  and now is possible to see even hidden channels. I've missed that before. Thanks!,September 20 2016,5
com.iskrembilen.quasseldroid,"Does not work. Does not work on android 7.0  I get a """"""""""""""""""""""""""""""""failed to load certificate"""""""""""""""""""""""""""""""" error.""""",September 13 2016,1
com.iskrembilen.quasseldroid,Great app Excellent mobile companion to the quassel suite. My only beef/request is I wish the dark theme was black and not dark grey as a background. The grey makes it nearly impossible to read some of the colored text.,September 11 2016,5
com.iskrembilen.quasseldroid,This version (0.9.8) is terribly outdated. I did not notice until it stopped working after the Android 7 update. The version on F-Droid (0.11.7) works  has an updated interface and also features automatic reconnection.,August 23 2016,5
com.iskrembilen.quasseldroid,Does what it does This let's me connect to the core and chat  ez pz. Could custom colors be a possibility for this?,July 20 2016,5
com.iskrembilen.quasseldroid,Great Almost perfect App. Sadly uses too much battery  but I think that's because of the Quassel Protocol.,July 06 2016,5
com.iskrembilen.quasseldroid,Updates? Hasn't been updated in a long time (2014) and appears to break in Android N. Unfortunately it appears this is the only quassel client for Android.,May 19 2016,1
com.iskrembilen.quasseldroid,Great client. One request: Make back key open the channel list on first click. Would be more useful than just popping up a message telling me to click again to quit. Could still quit on second click.,May 01 2016,5
com.iskrembilen.quasseldroid,Doesn't handle SSL certificate changes well. Just get stuck in a loop. Clearing data/cache didn't help... Or is it just broken on Android N?,April 19 2016,2
com.iskrembilen.quasseldroid,Best It justworks :-),March 23 2016,5
com.iskrembilen.quasseldroid,Fails to connect,January 01 2016,2
com.iskrembilen.quasseldroid,Awesome Works great and does exactly what I need it to do,November 26 2015,5
com.iskrembilen.quasseldroid,Core<->IRC disconnects can crash app. Overall much better than Windows app! I've also installed the beta APK from F-Droid and can confirm the auto-reconnect works great. Side bonus: material design!,November 23 2015,5
com.iskrembilen.quasseldroid,Outdated Why isn't quasseldroid updated on the play store. F-droid has been shipping the newer versions with the material design for a long time now.,October 23 2015,2
com.iskrembilen.quasseldroid,Works great I've been using it for a year.. Love it,August 14 2015,5
com.iskrembilen.quasseldroid,Doesn't even connect. Just returns invalid username/password,July 02 2015,1
com.iskrembilen.quasseldroid,Does what it says on the tin. I'm migrating my desktop  netbook and phone to Quassel.,May 17 2015,5
com.iskrembilen.quasseldroid,Would be a 5 with autoreconnect.,May 12 2015,4
com.iskrembilen.quasseldroid,Play version outdated The version on F-Droid is newer.,May 08 2015,2
com.iskrembilen.quasseldroid,Only IRC client you need for Android. This is a great IRC client for Andriod. The only thing I think it's lacking is an auto-reconnect option; that would make this a 5 star review.,April 22 2015,4
com.iskrembilen.quasseldroid,Good but needs auto reconnect Having an auto reconnect would be helpful. Switching between network and wifi means manually reconnecting. It's a pain.,April 22 2015,3
com.iskrembilen.quasseldroid,Could handle disconnects better This is a well made application in general  and works great when you have a solid connection. But iffy connections can be very frustrating when the screen goes back to login mid-sentence. Also  highlighting should never use the same color as a username.,April 11 2015,4
com.iskrembilen.quasseldroid,Great  but pretty buggy. Often after the app has been running for a while  channels seem to not be reliable. Especially if I use a client on the computer in between sessions. I was very confused when I opened one channel to find a completely different one. Sometimes  the list of people who are online are off too. I've once found someone logged in under the same nick 4 times (that's a bug). Its because it doesn't seem to always register when someone quits or parts.,March 05 2015,3
com.iskrembilen.quasseldroid,I love being able to resume my conversations from whatever device I happen to have at hand!,January 31 2015,5
com.iskrembilen.quasseldroid,Works great,January 25 2015,5
com.iskrembilen.quasseldroid,Really great app Really nice app  although lacking support for automatically reconnecting after disconnect  that would really improve the app a lot. Other than that I cannot find any fault  would be nice to see that included.,January 06 2015,4
com.iskrembilen.quasseldroid,Constantly crashes on initial backlog fetching App constantly crashes(and says Reporting crashes) constantly on start up. Whenever i do manage to get through it works perfectly,November 28 2016,3
com.iskrembilen.quasseldroid,"Bring back black theme! This """"""""""""""""dark"""""""""""""""" theme which is now gray instead of black is hard to see with certain font colors  plus harder to see in general in brighter light. -2 stars until the old black theme from a couple versions ago is added back in. Moto E (2nd gen with Android 5.1)""""",December 19 2016,2
com.iskrembilen.quasseldroid,Battery possibly an issue  but wow! This is the first time I've ever felt like it was viable to have a constantly-connected messaging app on my phone. We'll see how the battery side of things goes...,January 10 2017,4
com.iskrembilen.quasseldroid,Useful and effective  though I think the input widget could use a bit of work.,January 28 2017,5
com.iskrembilen.quasseldroid,Could really use the promised push notifications - that should solve all battery and connection issues (so that one can stay pretty much disconnected until a highlight or something). Otherwise a stellar app  supports pretty much everything the other native clients do.,April 04 2017,4
com.iskrembilen.quasseldroid,Wonderful IRC client that connects to my server.,April 07 2017,5
com.iskrembilen.quasseldroid,Couldn't connect to Freenode.,April 11 2017,1
com.pilot51.voicenotify,good very nice,November 09 2016,5
com.pilot51.voicenotify,Good app. This app is really good. I only gave it 4 stars cause the menu options blur badly while scrolling. Other than that it's perfect and very helpful.,November 07 2016,4
com.pilot51.voicenotify,Garbage. Was good. Hasn't been updated for over 2 years. Doesn't work anymore. Don't waste your time.,November 02 2016,1
com.pilot51.voicenotify,Love it best app,October 28 2016,5
com.pilot51.voicenotify,Awesome Well done.,October 19 2016,5
com.pilot51.voicenotify,?????????? Flawless  I've been looking for something like this  found it  works great for my LG Premiere,October 11 2016,5
com.pilot51.voicenotify,Awesome best one.,October 09 2016,5
com.pilot51.voicenotify,Good and usefull,October 09 2016,5
com.pilot51.voicenotify,Voice Notify,October 03 2016,3
com.pilot51.voicenotify,Nice I like the app but why is it speaking English despite I configured Google TTS for the Dutch language. The phone's language is UK English  only speech should be Dutch,October 02 2016,4
com.pilot51.voicenotify,Doesn't work UI terrible Move on Just garbage. Maybe it's been abandoned.,September 26 2016,1
com.pilot51.voicenotify,Brilliant Work If u could add in regular expressions too then power users can change what is said to remove unnecessary text etc,September 24 2016,5
com.pilot51.voicenotify,Good,September 22 2016,3
com.pilot51.voicenotify,Best voice app   love it  only problem is that if there's no continents on the message it does not play anything. It should have an option that if there's no continents on the body I should say the application name,September 21 2016,4
com.pilot51.voicenotify,Great App. But Great App  actually it's the only one so far I found stable & never break down  an app which announce everything.. Except: ?)Clock time announce. ?) Battery low announce. If these options can be added it'll be the best ever for sure,September 07 2016,3
com.pilot51.voicenotify,Good app but desperately needs updating!!! Has not kept up with the latest Android versions since Jelly Bean. Where's the support for extended notification text??? This is the reason for many of the comments about notifications from certain apps not being spoken. No response from Pilot_51 to any comments here. App appears to be abandon-ware. Outdated.,September 03 2016,2
com.pilot51.voicenotify,No sound on Android Nougat Used this on Marshmallow for my Flir Fx app. Now it stopped working after OS upgrade. Otherwise great app??,August 28 2016,1
com.pilot51.voicenotify,Best app I don't think there a better working app. Ignore text is good feature.,August 16 2016,5
com.pilot51.voicenotify,Very nice app,August 16 2016,5
com.pilot51.voicenotify,Not good,August 06 2016,1
com.pilot51.voicenotify,Not user friendly,August 05 2016,1
com.pilot51.voicenotify,LIke it,August 05 2016,5
com.pilot51.voicenotify,Excellent Most Excellent. Thank you.,August 03 2016,4
com.pilot51.voicenotify,Not working on Samsung Phones...,July 20 2016,2
com.pilot51.voicenotify,cant stop this app very bad... experince i have uninstall app but still can't stop the message which are reding,July 18 2016,1
com.pilot51.voicenotify,Just right Like no other,July 10 2016,5
com.pilot51.voicenotify,BISMILLAHIR RAHMAANIR RAHEEM Works perfect  thanks developer,July 04 2016,5
com.pilot51.voicenotify,No longer works Used to be the best notification reader  but it has stopped reading notifications...,June 20 2016,1
com.pilot51.voicenotify,Full featured and just Excellent !!!,June 17 2016,5
com.pilot51.voicenotify,Ok Jek,June 12 2016,5
com.pilot51.voicenotify,So far so good,June 01 2016,5
com.pilot51.voicenotify,Please fix it. Aside from that this app fails to read the entire contents of the message whether that's the stock messaging app or third party like Telegram for example only a few lines are read. Are our credit cards really safe turning this on? Please fix it so the entire text message reads out loud not just the first few words. LG G3 stick ROM 5.1.1.,May 26 2016,2
com.pilot51.voicenotify,AWESOME!!! Best voice notifier ever!!!,May 25 2016,5
com.pilot51.voicenotify,Nice. The best notification app I have ever seen.good work,May 09 2016,5
com.pilot51.voicenotify,Great for the car. Wish there was a way to censor vulgar words for when I have other people aboard  but I believe this might actually be a Google TTS option that would need to be added.,May 08 2016,4
com.pilot51.voicenotify,Kk Nice   ,April 26 2016,5
com.pilot51.voicenotify,I love you I've been looking forever for an app that would do this. I have a Bluetooth headset and I hate that the notification sound would play through the phone and the headphones. But this is way more useful because I can have my phone on silent and still hear exactly what the notification is.,April 13 2016,5
com.pilot51.voicenotify,Loved it ! A single issue. Do not read my messages application Notify My Android.,April 06 2016,5
com.pilot51.voicenotify,Top app Small but powerful. No addon and open source. Great.,April 06 2016,5
com.pilot51.voicenotify,Great app Very small in size and very reliable,April 06 2016,5
com.pilot51.voicenotify,Nice Its real koo,April 02 2016,5
com.pilot51.voicenotify,Strange One time it says : Twitter notification from Twitter  sometimes it says just Twitter. Please fix it. Also doesn't notifies calls at all  and sms with callers name,April 02 2016,2
com.pilot51.voicenotify,Good app..BT how to stop speaking name who sends message to me,March 26 2016,5
com.pilot51.voicenotify,Best apps ever!,March 22 2016,4
com.pilot51.voicenotify,Best Voice Notification app I love this app. I use it pretty much all the time.,March 14 2016,5
com.pilot51.voicenotify,Great app Does a great job of reading notifications and text messages when I have my headphones on.,March 11 2016,5
com.pilot51.voicenotify,Good but... It does not read sms and incoming caller,March 04 2016,3
com.pilot51.voicenotify,Great this one is the best..it requires accessibility  it will never fail to read you noti,March 02 2016,5
com.pilot51.voicenotify,Love to use it Awesome app very useful,February 08 2016,5
com.pilot51.voicenotify,IPhone Works great on my Samsung wish you made it for iphone,February 08 2016,5
com.pilot51.voicenotify,"Nice one. I intended to use it with whatsapp only. But the app never read the message from whatsapp. It will just say """"""""""""""""""""""""""""""""[Sender Name] is sending a message"""""""""""""""""""""""""""""""" in my language and that's it. Can I enable to speak message contact as well? Thanks.""""",February 07 2016,4
com.pilot51.voicenotify,This and shouter are the best I have found . The one thing shouter has over this is the toggle on/ off . But this has more control over message content,January 20 2016,5
com.pilot51.voicenotify,Awesome app Has never really let me down. Couple it with an app that shoots audio straight to your headphones  and you can enjoy your day with minimal phone checking.,January 18 2016,5
com.pilot51.voicenotify,Awesome awesome awesome Keep up the great work. Thank you.,January 18 2016,5
com.pilot51.voicenotify,Great but doesn't work consistently Good features and works OK initially but sometimes it doesn't and you have to turn the service off and on again  using shouter instead,January 15 2016,2
com.pilot51.voicenotify,Good I love it but it keep repeating... Kind of hate that... ....... Samsung Galaxy s5,January 03 2016,3
com.pilot51.voicenotify,Fantastic app! I highly recommend it! 'Voice Notify' is an essential app for anyone  but especially useful for someone such as myself who has dexterity difficulties  also has a SCI & is a fulltime wheelchair user. I do not have to look at my phone to know what is happening. VN is very customisable  eg  you can stop some FB group messages by putting the group name or a word in the 'ignored text' option in VN settings. Wish 'Email' said who was sending the emails like 'Gmail' does. Unfortunately on my new Note4  VN keeps being 'disabled'!?! Such a pain for an essential app! ?,January 02 2016,5
com.pilot51.voicenotify,Fantastic app! When I connect my BT headset  I have it set to read important notifications - add that to Google Now's ability to create texts  reminders and calendar events  and my $20 headset has all the functionality of a smartwatch. Kudos to the developer!,December 29 2015,5
com.pilot51.voicenotify,Great..just perfect,December 22 2015,5
com.pilot51.voicenotify,Fantastic!!! ? I have found what am looking for  in these years I have tried so many apps but this is bomb ? the app of the century friends I advise you all to go for this super app.,December 19 2015,5
com.pilot51.voicenotify,"Excellent and very useful app. Works perfectly. I especially like that you can specify which of your phone's apps VN will speak for. Suggestions/comments: 1) Would be nice if it could also say caller's names. 2) And if the widget changed colour (and shape?) when VN is turned off. ...p.s. Just realised it does seem to change colour but for those of us who are colour-blind  we need a much clearer change please. ...maybe from primary red or yellow when """"""""""""""""""""""""""""""""on"""""""""""""""""""""""""""""""" to greyed out when """"""""""""""""""""""""""""""""off"""""""""""""""""""""""""""""""". Thanks. 2) YouTube alerts don't seem to be read although YouTube is set to """"""""""""""""""""""""""""""""not ignored"""""""""""""""""""""""""""""""". 3) It would be nice to display """"""""""""""""""""""""""""""""Run VN yes/no?"""""""""""""""""""""""""""""""" on power-up. It's a bit disconcerting to hear it suddenly start talking when you turn your phone on as you leave the cinema.""""",December 08 2015,5
com.pilot51.voicenotify,Why 3 star Because sometimes not spoken... What happened please help me....,December 08 2015,3
com.pilot51.voicenotify,Best voice notification app. It is simple & fast.,December 01 2015,5
com.pilot51.voicenotify,What a shame I can't use it,November 30 2015,1
com.pilot51.voicenotify,Can not live without it.,November 26 2015,5
com.pilot51.voicenotify,Excellent app Exactly what I needed for my phone. Excuse me please  I have one problem and that is with the volume. It is very low when analyzing.,November 25 2015,5
com.pilot51.voicenotify,Text message How can I get app to read the entire message,November 24 2015,4
com.pilot51.voicenotify,the best notifier of all time Moto e 2gen.,November 21 2015,5
com.pilot51.voicenotify,Very useful while driving,November 11 2015,5
com.pilot51.voicenotify,User Voice,November 06 2015,3
com.pilot51.voicenotify,Really it's very nice for notification. .. I love it. .thanks,November 03 2015,5
com.pilot51.voicenotify,"Good I guess you could say it's the best voice """"""""""""""""""""""""""""""""notifier'' for now""""",October 16 2015,5
com.pilot51.voicenotify,"2 years on and still lovin it! Very customizable and easy to use. Can enable/disable notifications of practically any app installed. Customize common text phrases such as """"""""""""""""""""""""""""""""message could not be sent..."""""""""""""""""""""""""""""""" to """"""""""""""""""""""""""""""""BUGGER!"""""""""""""""""""""""""""""""" It really helps having adequate Speech to Text engines such as SVOX  IVONA or ACAPELA.""""",October 16 2015,5
com.pilot51.voicenotify,Works on Note 4 for Flir Fx app Had an issue with Flir fx IP camera app. Push notifications would pop-up in the task bar but with no audio notification. This app saved me from returning an otherwise fantastic IP camera,October 16 2015,5
com.pilot51.voicenotify,Exactly what I was looking for! I needed to read notifications without playing them over the speaker  only over the headset. Perfect when I am driving. And being able to choose it to play over the media channel instead of notification really did the trick. Thanks!,October 12 2015,5
com.pilot51.voicenotify,Not reading caller id A perfect app when comes to reading notifications without picking up phone. Although it would be flawless if it could read caller name during an incoming call rather than after its a missed call notification.,October 07 2015,4
com.pilot51.voicenotify,Ine Good,October 04 2015,5
com.pilot51.voicenotify,First app I put on any android I love this app. It reads everything that happens on your phone my battery lasts 10 times longer cause I don't have to take my phone out of my pocket all day,October 03 2015,5
com.pilot51.voicenotify,ARE U SERIOUS.... YOU ARE INSANE IF U THINK PEOPLE ARE GOING TO DEAL WITH THE BS UR TRYING TO DO.,September 29 2015,1
com.pilot51.voicenotify,Bill1959 Awesome,September 21 2015,5
com.pilot51.voicenotify,Terrific app but there hasn't been an update in quite some time. Would love to see proper handling of Android extended notification text. Version 1.1.0 coming anytime soon?,September 19 2015,5
com.pilot51.voicenotify,Wouldn't work on my S5,September 19 2015,1
com.pilot51.voicenotify,great app,September 17 2015,4
com.pilot51.voicenotify,Have used it for years Simple and does the job  ad free too. Made a small donation. Would love an update that allows reading of caller names/numbers.,September 12 2015,5
com.pilot51.voicenotify,ok its reading phone numbers as billions lakhs thousands etc..,September 10 2015,3
com.pilot51.voicenotify,Must have app Definitely one of my favorites,September 10 2015,5
com.pilot51.voicenotify,Nice utility.,September 09 2015,4
com.pilot51.voicenotify,Great! Just please add the option to ignore certain notifications within the same app  currently one can only either ignore the whole app altogether or receive all of its notifications  for example I want to be notified of new WhatsApp messages but that's it  I don't want it to voice notify me that I have copied a message or deleted so many messages  thanks,September 07 2015,4
com.pilot51.voicenotify,Great Does exactly what it says and no crazy permissions...only problem is unlike another great app shouter  this app stops working at times and say nothing.,September 05 2015,5
com.pilot51.voicenotify,Good Coool,September 01 2015,4
com.pilot51.voicenotify,I would love if you can incorporated call announcer into it.,August 27 2015,5
com.pilot51.voicenotify,Very good I can at least tweak it to my own needs. I now got rid of my previous  similar  app. Thanks,August 09 2015,5
com.pilot51.voicenotify,Excellent app Hasn't been updated in a long while but it works great don't mess with perfection.,August 08 2015,5
com.pilot51.voicenotify,Great!,August 07 2015,5
com.pilot51.voicenotify,Awesome..!,August 05 2015,4
com.pilot51.voicenotify,Excellent app. I have just downloaded this app and it works perfectly on my LG G2. Just what I wanted  it dims my Deezer music when reading out notifications.,July 13 2015,5
com.pilot51.voicenotify,Needs to be updated Incompatible with lollipop 5.1,July 11 2015,5
com.pilot51.voicenotify,cool and friendly,June 28 2015,5
com.pilot51.voicenotify,Need this app for WP8,June 27 2015,5
com.pilot51.voicenotify,Not working after update Worked flawless until update now I cannot get voice working at all. How do I fix this?,June 26 2015,3
com.pilot51.voicenotify,Boozie ya love it like mc d Best voice noted fyer. Does it does it good ....voice bar. Over games even over your kids and wife is your friend v noted Dyer letting you know install apps. Email from anyone to you got mail from Suzie que. Buy it works and the owners seem to keep it working like adverts,June 17 2015,5
com.pilot51.voicenotify,This software give you miss call alert by voice by only once no matter how I changed my settings it never repeats again....bogus software.,June 07 2015,1
com.pilot51.voicenotify,Excellent application  but will be better if you add feature to translate word and make profile for headset or phone with different setting.,June 04 2015,4
com.pilot51.voicenotify,Love it Even you have a later version of android  it can read notification,June 03 2015,5
com.pilot51.voicenotify,Awesome I used many notification reader  but this is the best one. More customizable. ?,June 01 2015,5
com.pilot51.voicenotify,Love it and I found our why it wasn't working Love this app... It does everything that I want to do and more... I found out why it wasn't working when I reset my phone and it was because my tts voice was moved to the SD card memory and since moving him back to the phone he works fine ?,May 31 2015,5
com.pilot51.voicenotify,Great Convenient,May 29 2015,5
com.pilot51.voicenotify,Great APP - Improvement Request - News Republic Works great! News Republic's notifications offers the full story but the APP will only read the title. If possible could you try to fix this in any future release! Thanks,May 28 2015,5
com.pilot51.voicenotify,Excellent app This app is perfect for when you don't want to be looking at your screen all the time. It's just missing one thing  which is the ability to read expandable notifications. I can no longer have it read who my new tweets are from  just that they exist (they show as blank). Add that & it's 5 stars.,May 28 2015,4
com.pilot51.voicenotify,Best App.,May 27 2015,5
com.pilot51.voicenotify,extremely perfect,May 23 2015,5
com.pilot51.voicenotify,NYC app Used various app for speaking notification but this is the best in the slot and most reliable,May 21 2015,5
com.pilot51.voicenotify,Its the best,May 18 2015,1
com.pilot51.voicenotify,Really helpfull  just what i needed  nice app!!!!,May 17 2015,5
com.pilot51.voicenotify,Great app Announces over Bluetooth. Announces data warnings. Can sit the phone on the coffee table (or wherever) and it tells you what your phone is getting.,May 16 2015,5
com.pilot51.voicenotify,Greg Would like it better if it read the subject line when new emails come in,May 09 2015,4
com.pilot51.voicenotify,its ok,May 06 2015,2
com.pilot51.voicenotify,Works great. Low power consumption. But stopped repeating notifications...,May 05 2015,3
com.pilot51.voicenotify,Best voice notifier Continues to be one of my favorite apps. Love the new toggle widget! I have tried SpeakMe  Vlingo  Dragon  and several other apps to read my incoming text messages. Voice Notifier is by far the most reliable and efficient for my needs. And  terrific support from the developer!,May 05 2015,5
com.pilot51.voicenotify,Nice,May 01 2015,5
com.pilot51.voicenotify,Flexible This app has so many settings that it needs a manual. Works well though.,April 03 2015,4
com.pilot51.voicenotify,A very useful app. Does what it promises and offers lots of customization options. Thanks for developing this.,April 02 2015,5
com.pilot51.voicenotify,Gr8 Does what it claims,March 29 2015,4
com.pilot51.voicenotify,Was unable to use it not user friendly,March 20 2015,1
com.pilot51.voicenotify,Brilliant app!,March 17 2015,5
com.pilot51.voicenotify,annoying It uses the voice feedback for the visually impared so EVERYTHING you do or touch on your phone gets read out not just notifications.,March 17 2015,1
com.pilot51.voicenotify,Good enough  but TTS crashes occur frequently and followed by losing my media sound. This happened each time it is trying to read continuous notifications from social networking app such as whatsapp especially numbers of senders. Sometimes  lengthy notifications from Facebook as well. Please fix.,March 16 2015,4
com.pilot51.voicenotify,Very good Never had to look at phone to know what notification is.,March 06 2015,5
com.pilot51.voicenotify,Does what it says Best app for getting your text messages read  know whose calling you before you take your eye off the road.,March 05 2015,5
com.pilot51.voicenotify,Do not ever install this app I like to never fixed my phone,March 03 2015,1
com.pilot51.voicenotify,... I really love it! ... The avatar read my message for me so even if im doing anything i dont have to open my cp and she reads it for me!,March 02 2015,5
com.pilot51.voicenotify,Love It :-*,February 22 2015,5
com.pilot51.voicenotify,Voice notifier It doesn't repeat who is texting me  but it let's me know there's a text coming in. I couldn't find what I was looking for.,February 18 2015,4
com.pilot51.voicenotify,Nice good,February 13 2015,5
com.pilot51.voicenotify,Bugs! It reads my website addresses when surfing the internet and the delay is slow.,February 11 2015,2
com.pilot51.voicenotify,Pretty much flawless  with one exception. It does exactly what it claims  but my only problem is that there's no way to separate bluetooth from headset detection. I want it to speak my notifications while I'm driving (connected to a bluetooth stereo) but not while I'm sitting at my desk with a headset plugged in. Other than that  it works! The interface isn't exactly friendly  but you can figure it out with some trial and error.,February 09 2015,4
com.pilot51.voicenotify,It's Ok,February 09 2015,3
com.pilot51.voicenotify,nice very important.. download this app,February 05 2015,5
com.pilot51.voicenotify,Shake To Silence not working Shake feature not working..,February 01 2015,3
com.pilot51.voicenotify,Works great  so far,January 21 2015,4
com.pilot51.voicenotify,Works great! I would like the ability to set a custom message on a per app basis though.,January 20 2015,5
com.pilot51.voicenotify,Fantastic app... Only one that allows me to get notifications in the car over Bluetooth with such ease. Feature request: Dev only needs to add announcing the caller id over BT to make this perfect,January 16 2015,5
com.pilot51.voicenotify,I have been using this app for 7 years I love it. my friends and family sometimes get annoyed because my phone is always talking. I almost never miss a call or a text because my phone talks it out loud to me.,January 15 2015,5
com.pilot51.voicenotify,Its cool I hate cause she can't pronounce a lot of words wee fi is one WiFi please update no problems on my HTC and she spells alot of words funny,January 07 2015,2
com.pilot51.voicenotify,Great This app is awesome  the only issue I have is with conditions  I want the voice activated just when Headset On + Vibrate/Silent + Screen Off,January 06 2015,4
com.pilot51.voicenotify,Does work with HTC One Downloaded the app and try everything  I can't get it to work. Sorry I just had to turn on the notification. It is working now.,January 06 2015,4
com.pilot51.voicenotify,liked it Good,January 04 2015,4